{
  "_fv": 3,
  "_type": "block",
  "definition": {
    "texture": "blockbloodstonebrick",
    "textureTop": "blockbloodstonebrick",
    "textureLeft": "blockbloodstonebrick",
    "textureFront": "blockbloodstonebrick",
    "textureRight": "blockbloodstonebrick",
    "textureBack": "blockbloodstonebrick",
    "renderType": 11,
    "customModelName": "Single texture",
    "rotationMode": 0,
    "hasTransparency": false,
    "transparencyType": "SOLID",
    "mx": 0.0,
    "my": 0.0,
    "mz": 0.0,
    "Mx": 1.0,
    "My": 1.0,
    "Mz": 1.0,
    "name": "Bloodstone Brick",
    "specialInfo": [],
    "hardness": 2.0,
    "resistance": 10.0,
    "hasGravity": false,
    "creativeTab": {
      "value": "CUSTOM:TabBloodWorld"
    },
    "destroyTool": "pickaxe",
    "affectedBySilkTouch": true,
    "hasCustomDrop": false,
    "customDrop": {
      "value": ""
    },
    "dropAmount": 1,
    "isBeaconBase": false,
    "enchantPowerBonus": 0.0,
    "plantsGrowOn": false,
    "canProvidePower": false,
    "lightOpacity": 255,
    "material": {
      "value": "ROCK"
    },
    "tickRate": 10,
    "isNotColidable": false,
    "soundOnStep": {
      "value": "STONE"
    },
    "luminance": 0.0,
    "unbreakable": false,
    "breakHarvestLevel": 1,
    "spawnParticles": false,
    "particleToSpawn": {
      "value": "EXPLOSION_NORMAL"
    },
    "particleSpawningShape": "Spread",
    "particleSpawningRadious": 0.5,
    "particleAmount": 4,
    "particleSpawningCondition": "ALWAYS",
    "hasInventory": false,
    "inventorySize": 9,
    "inventoryStackSize": 64,
    "inventoryDropWhenDestroyed": true,
    "inventoryComparatorPower": true,
    "inventoryOutSlotIDs": [],
    "spawnWorldTypes": [],
    "restricPerBiome": false,
    "restrictionBiomes": [],
    "blocksToReplace": [
      {
        "value": "Blocks.STONE"
      }
    ],
    "frequencyPerChunks": 10,
    "frequencyOnChunk": 16,
    "minGenerateHeight": 10,
    "maxGenerateHeight": 110
  }
}