{
  "_fv": 3,
  "_type": "dimension",
  "definition": {
    "portalFrame": {
      "value": "CUSTOM:BlockBloodDrop"
    },
    "portalParticles": {
      "value": "CRIT"
    },
    "portalLuminance": 0.0,
    "portalSound": {
      "value": "block.portal.ambient"
    },
    "igniterName": "Blood Staff",
    "igniterTab": {
      "value": "CUSTOM:TabBloodWorld"
    },
    "texture": "itembloodwand",
    "portalTexture": "blood6",
    "biomesInDimension": [
      {
        "value": "CUSTOM:BiomeBloodWood"
      }
    ],
    "worldGenType": "Normal world gen",
    "mainFillerBlock": {
      "value": "CUSTOM:BlockBloodStone"
    },
    "secondaryFillerBlock": {
      "value": "CUSTOM:BlockBloodSoil"
    },
    "tertiaryFillerBlock": {
      "value": "CUSTOM:BlockBloodStone"
    },
    "fluidBlock": {
      "value": "CUSTOM:FluidBlood"
    },
    "oreBlock": {
      "value": "CUSTOM:BlockBloodStone"
    },
    "airColor": {
      "value": -1351469771,
      "falpha": 0.0
    },
    "canRespawnHere": false,
    "hasFog": true,
    "isDark": false,
    "hasWeather": false
  }
}