{
  "_fv": 3,
  "_type": "mob",
  "definition": {
    "mobName": "Blood Sucker",
    "mobLabel": "",
    "mobModelTexture": "entitybloodsucker.png",
    "mobModelName": "ModelBloodSucker",
    "modelWidth": 0.6,
    "modelHeight": 1.8,
    "modelShadowSize": 0.5,
    "armorBaseValue": 0.0,
    "hasSpawnEgg": true,
    "spawnEggBaseColor": {
      "value": -3407872,
      "falpha": 0.0
    },
    "spawnEggDotColor": {
      "value": -6750208,
      "falpha": 0.0
    },
    "isBoss": false,
    "bossBarColor": "RED",
    "bossBarType": "PROGRESS",
    "equipmentMainHand": {
      "value": ""
    },
    "equipmentOffHand": {
      "value": ""
    },
    "equipmentHelmet": {
      "value": ""
    },
    "equipmentBody": {
      "value": ""
    },
    "equipmentLeggings": {
      "value": ""
    },
    "equipmentBoots": {
      "value": ""
    },
    "mobBehaviourType": "Mob",
    "mobCreatureType": "UNDEFINED",
    "attackStrength": 3,
    "movementSpeed": 0.3,
    "health": 10,
    "xpAmount": 5,
    "ridable": false,
    "immuneToFire": true,
    "immuneToArrows": false,
    "immuneToFallDamage": false,
    "immuneToCactus": false,
    "immuneToDrowning": false,
    "immuneToLightning": false,
    "immuneToPotions": true,
    "immuneToPlayer": false,
    "mobDrop": {
      "value": "CUSTOM:ItemDropOfBlood"
    },
    "rareDrop": {
      "value": "CUSTOM:ItemDropOfBlood"
    },
    "livingSound": {
      "value": ""
    },
    "hurtSound": {
      "value": "game.neutral.hurt"
    },
    "deathSound": {
      "value": "game.neutral.die"
    },
    "spawnParticles": true,
    "particleToSpawn": {
      "value": "REDSTONE"
    },
    "particleSpawningShape": "Spread",
    "particleSpawningRadious": 0.5,
    "particleAmount": 4,
    "particleSpawningCondition": "ALWAYS",
    "onPlayerCollidesWith": {
      "name": "EntityBloodSuckerPlayerCollidesWithThisMob"
    },
    "hasAI": true,
    "aiBase": "(none)",
    "aixml": "\u003cxml xmlns\u003d\"http://www.w3.org/1999/xhtml\"\u003e\u003cblock type\u003d\"aitasks_container\" deletable\u003d\"false\" x\u003d\"40\" y\u003d\"40\"\u003e\u003cnext\u003e\u003cblock type\u003d\"wander\"\u003e\u003cfield name\u003d\"speed\"\u003e1\u003c/field\u003e\u003cnext\u003e\u003cblock type\u003d\"look_around\"\u003e\u003cnext\u003e\u003cblock type\u003d\"swim_in_water\"\u003e\u003cnext\u003e\u003cblock type\u003d\"leap_at_target\"\u003e\u003cfield name\u003d\"speed\"\u003e0.8\u003c/field\u003e\u003cnext\u003e\u003cblock type\u003d\"panic_when_attacked\"\u003e\u003cfield name\u003d\"speed\"\u003e1.2\u003c/field\u003e\u003cnext\u003e\u003cblock type\u003d\"attack_action\"\u003e\u003cfield name\u003d\"callhelp\"\u003eFALSE\u003c/field\u003e\u003c/block\u003e\u003c/next\u003e\u003c/block\u003e\u003c/next\u003e\u003c/block\u003e\u003c/next\u003e\u003c/block\u003e\u003c/next\u003e\u003c/block\u003e\u003c/next\u003e\u003c/block\u003e\u003c/next\u003e\u003c/block\u003e\u003c/xml\u003e",
    "breedable": false,
    "breedTriggerItems": [],
    "ranged": false,
    "rangedAttackItem": {
      "value": ""
    },
    "spawnThisMob": true,
    "doesDespawnWhenIdle": true,
    "spawningProbability": 20,
    "mobSpawningType": "monster",
    "minNumberOfMobsPerGroup": 3,
    "maxNumberOfMobsPerGroup": 30,
    "restricSpawnPerBiome": true,
    "restrictionBiomes": [
      {
        "value": "CUSTOM:BiomeBloodWood"
      },
      {
        "value": "hell"
      }
    ],
    "spawnInDungeons": false
  }
}