{
  "_fv": 3,
  "_type": "recipe",
  "definition": {
    "recipeRetstackSize": 1,
    "recipeShapeless": true,
    "recipeReturnStack": {
      "value": "CUSTOM:ItemDropOfBlood"
    },
    "recipeSlots": [
      {
        "value": "CUSTOM:BlockBloodFlower"
      },
      {
        "value": ""
      },
      {
        "value": ""
      },
      {
        "value": ""
      },
      {
        "value": ""
      },
      {
        "value": ""
      },
      {
        "value": ""
      },
      {
        "value": ""
      },
      {
        "value": ""
      }
    ],
    "smeltingInputStack": {
      "value": ""
    },
    "smeltingReturnStack": {
      "value": ""
    },
    "smeltingXPReward": 1.0,
    "smeltingRetstackSize": 1
  }
}