{
  "_fv": 3,
  "_type": "recipe",
  "definition": {
    "recipeRetstackSize": 9,
    "recipeShapeless": false,
    "recipeReturnStack": {
      "value": "CUSTOM:ItemDropOfBlood"
    },
    "recipeSlots": [
      {
        "value": ""
      },
      {
        "value": ""
      },
      {
        "value": ""
      },
      {
        "value": ""
      },
      {
        "value": "CUSTOM:BlockBloodDrop"
      },
      {
        "value": ""
      },
      {
        "value": ""
      },
      {
        "value": ""
      },
      {
        "value": ""
      }
    ],
    "smeltingInputStack": {
      "value": ""
    },
    "smeltingReturnStack": {
      "value": ""
    },
    "smeltingXPReward": 1.0,
    "smeltingRetstackSize": 1
  }
}